row,sku,product_name,meesho_price,mrp,color,img1,img2,img3,img4
5,TK-P01-FS-GRN,"Personalized Alphabet Name Showpiece",849,1499,Green,/Users/akshat.garg/Documents/GitHub new/Tathastu/meesho-image-kit/TK-P01-FS-GRN-img1.png,/Users/akshat.garg/Documents/GitHub new/Tathastu/meesho-image-kit/TK-P01-FS-GRN-img2.png,/Users/akshat.garg/Documents/GitHub new/Tathastu/meesho-image-kit/TK-P01-FS-GRN-img3.png,/Users/akshat.garg/Documents/GitHub new/Tathastu/meesho-image-kit/TK-P01-FS-GRN-img4.png
6,TK-P02-FS-PRP,"Personalized Desk Pen Holder",599,999,Purple,/Users/akshat.garg/Documents/GitHub new/Tathastu/meesho-image-kit/TK-P02-FS-PRP-img1.png,/Users/akshat.garg/Documents/GitHub new/Tathastu/meesho-image-kit/TK-P02-FS-PRP-img2.png,/Users/akshat.garg/Documents/GitHub new/Tathastu/meesho-image-kit/TK-P02-FS-PRP-img3.png,/Users/akshat.garg/Documents/GitHub new/Tathastu/meesho-image-kit/TK-P02-FS-PRP-img4.png
7,TK-P03-FS-YEL,"Personalized Giant Name Pencil",849,1499,Yellow,/Users/akshat.garg/Documents/GitHub new/Tathastu/meesho-image-kit/TK-P03-FS-YEL-img1.png,/Users/akshat.garg/Documents/GitHub new/Tathastu/meesho-image-kit/TK-P03-FS-YEL-img2.png,/Users/akshat.garg/Documents/GitHub new/Tathastu/meesho-image-kit/TK-P03-FS-YEL-img3.png,/Users/akshat.garg/Documents/GitHub new/Tathastu/meesho-image-kit/TK-P03-FS-YEL-img4.png
8,TK-P04-FS-PNK,"Personalized Name Pen Stand",849,1499,Pink,/Users/akshat.garg/Documents/GitHub new/Tathastu/meesho-image-kit/TK-P04-FS-PNK-img1.png,/Users/akshat.garg/Documents/GitHub new/Tathastu/meesho-image-kit/TK-P04-FS-PNK-img2.png,/Users/akshat.garg/Documents/GitHub new/Tathastu/meesho-image-kit/TK-P04-FS-PNK-img3.png,/Users/akshat.garg/Documents/GitHub new/Tathastu/meesho-image-kit/TK-P04-FS-PNK-img4.png
9,TK-P05-FS-BLU,"Personalized Pencil Shape Pen Stand",499,849,Blue,/Users/akshat.garg/Documents/GitHub new/Tathastu/meesho-image-kit/TK-P05-FS-BLU-img1.png,/Users/akshat.garg/Documents/GitHub new/Tathastu/meesho-image-kit/TK-P05-FS-BLU-img2.png,/Users/akshat.garg/Documents/GitHub new/Tathastu/meesho-image-kit/TK-P05-FS-BLU-img3.png,/Users/akshat.garg/Documents/GitHub new/Tathastu/meesho-image-kit/TK-P05-FS-BLU-img4.png
10,TK-P06-FS-PNK,"Personalized Sliding Photo Book",549,949,Pink,/Users/akshat.garg/Documents/GitHub new/Tathastu/meesho-image-kit/TK-P06-FS-PNK-img1.png,/Users/akshat.garg/Documents/GitHub new/Tathastu/meesho-image-kit/TK-P06-FS-PNK-img2.png,/Users/akshat.garg/Documents/GitHub new/Tathastu/meesho-image-kit/TK-P06-FS-PNK-img3.png,/Users/akshat.garg/Documents/GitHub new/Tathastu/meesho-image-kit/TK-P06-FS-PNK-img4.png
11,TK-P07-FS-GRN,"Glowing Kanhaji Showpiece",299,499,Green,/Users/akshat.garg/Documents/GitHub new/Tathastu/meesho-image-kit/TK-P07-FS-GRN-img1.png,/Users/akshat.garg/Documents/GitHub new/Tathastu/meesho-image-kit/TK-P07-FS-GRN-img2.png,/Users/akshat.garg/Documents/GitHub new/Tathastu/meesho-image-kit/TK-P07-FS-GRN-img3.png,/Users/akshat.garg/Documents/GitHub new/Tathastu/meesho-image-kit/TK-P07-FS-GRN-img4.png
12,TK-P08-FS-PNK,"Personalized Instax Mini Fridge Magnet",249,449,Pink,/Users/akshat.garg/Documents/GitHub new/Tathastu/meesho-image-kit/TK-P08-FS-PNK-img1.png,/Users/akshat.garg/Documents/GitHub new/Tathastu/meesho-image-kit/TK-P08-FS-PNK-img2.png,/Users/akshat.garg/Documents/GitHub new/Tathastu/meesho-image-kit/TK-P08-FS-PNK-img3.png,/Users/akshat.garg/Documents/GitHub new/Tathastu/meesho-image-kit/TK-P08-FS-PNK-img4.png
13,TK-P09-FS-ORG,"Personalized Couple Initials Heart Sign",1099,1899,Orange,/Users/akshat.garg/Documents/GitHub new/Tathastu/meesho-image-kit/TK-P09-FS-ORG-img1.png,/Users/akshat.garg/Documents/GitHub new/Tathastu/meesho-image-kit/TK-P09-FS-ORG-img2.png,/Users/akshat.garg/Documents/GitHub new/Tathastu/meesho-image-kit/TK-P09-FS-ORG-img3.png,/Users/akshat.garg/Documents/GitHub new/Tathastu/meesho-image-kit/TK-P09-FS-ORG-img4.png
14,TK-P10-FS-GRN,"Personalized Photo Rotator",499,849,Green,/Users/akshat.garg/Documents/GitHub new/Tathastu/meesho-image-kit/TK-P10-FS-GRN-img1.png,/Users/akshat.garg/Documents/GitHub new/Tathastu/meesho-image-kit/TK-P10-FS-GRN-img2.png,/Users/akshat.garg/Documents/GitHub new/Tathastu/meesho-image-kit/TK-P10-FS-GRN-img3.png,/Users/akshat.garg/Documents/GitHub new/Tathastu/meesho-image-kit/TK-P10-FS-GRN-img4.png
15,TK-P11-FS-MLT,"Personalized Butterfly Name Sign",849,1499,Multicolor,/Users/akshat.garg/Documents/GitHub new/Tathastu/meesho-image-kit/TK-P11-FS-MLT-img1.png,/Users/akshat.garg/Documents/GitHub new/Tathastu/meesho-image-kit/TK-P11-FS-MLT-img2.png,/Users/akshat.garg/Documents/GitHub new/Tathastu/meesho-image-kit/TK-P11-FS-MLT-img3.png,/Users/akshat.garg/Documents/GitHub new/Tathastu/meesho-image-kit/TK-P11-FS-MLT-img4.png
16,TK-P12-FS-RED,"Personalized Couple Name Sign",699,1199,Red,/Users/akshat.garg/Documents/GitHub new/Tathastu/meesho-image-kit/TK-P12-FS-RED-img1.png,/Users/akshat.garg/Documents/GitHub new/Tathastu/meesho-image-kit/TK-P12-FS-RED-img2.png,/Users/akshat.garg/Documents/GitHub new/Tathastu/meesho-image-kit/TK-P12-FS-RED-img3.png,/Users/akshat.garg/Documents/GitHub new/Tathastu/meesho-image-kit/TK-P12-FS-RED-img4.png
17,TK-P13-FS-BGE,"Personalized Wall Key Holder",1299,2199,Beige,/Users/akshat.garg/Documents/GitHub new/Tathastu/meesho-image-kit/TK-P13-FS-BGE-img1.png,/Users/akshat.garg/Documents/GitHub new/Tathastu/meesho-image-kit/TK-P13-FS-BGE-img2.png,/Users/akshat.garg/Documents/GitHub new/Tathastu/meesho-image-kit/TK-P13-FS-BGE-img3.png,/Users/akshat.garg/Documents/GitHub new/Tathastu/meesho-image-kit/TK-P13-FS-BGE-img4.png
18,TK-P14-FS-GRN,"Seashell Nautilus Jewelry Dish",499,849,Green,/Users/akshat.garg/Documents/GitHub new/Tathastu/meesho-image-kit/TK-P14-FS-GRN-img1.png,/Users/akshat.garg/Documents/GitHub new/Tathastu/meesho-image-kit/TK-P14-FS-GRN-img2.png,/Users/akshat.garg/Documents/GitHub new/Tathastu/meesho-image-kit/TK-P14-FS-GRN-img3.png,/Users/akshat.garg/Documents/GitHub new/Tathastu/meesho-image-kit/TK-P14-FS-GRN-img4.png
19,TK-P15-FS-GRN,"Mermaid Gown Flower Vase",849,1499,Green,/Users/akshat.garg/Documents/GitHub new/Tathastu/meesho-image-kit/TK-P15-FS-GRN-img1.png,/Users/akshat.garg/Documents/GitHub new/Tathastu/meesho-image-kit/TK-P15-FS-GRN-img2.png,/Users/akshat.garg/Documents/GitHub new/Tathastu/meesho-image-kit/TK-P15-FS-GRN-img3.png,/Users/akshat.garg/Documents/GitHub new/Tathastu/meesho-image-kit/TK-P15-FS-GRN-img4.png
20,TK-P16-FS-PRP,"Personalized Kids Room Door Nameplate",399,699,Purple,/Users/akshat.garg/Documents/GitHub new/Tathastu/meesho-image-kit/TK-P16-FS-PRP-img1.png,/Users/akshat.garg/Documents/GitHub new/Tathastu/meesho-image-kit/TK-P16-FS-PRP-img2.png,/Users/akshat.garg/Documents/GitHub new/Tathastu/meesho-image-kit/TK-P16-FS-PRP-img3.png,/Users/akshat.garg/Documents/GitHub new/Tathastu/meesho-image-kit/TK-P16-FS-PRP-img4.png
21,TK-P17-FS-ORG,"Bow Handle Jewelry Basket",699,1199,Orange,/Users/akshat.garg/Documents/GitHub new/Tathastu/meesho-image-kit/TK-P17-FS-ORG-img1.png,/Users/akshat.garg/Documents/GitHub new/Tathastu/meesho-image-kit/TK-P17-FS-ORG-img2.png,/Users/akshat.garg/Documents/GitHub new/Tathastu/meesho-image-kit/TK-P17-FS-ORG-img3.png,/Users/akshat.garg/Documents/GitHub new/Tathastu/meesho-image-kit/TK-P17-FS-ORG-img4.png
22,TK-P18-FS-BLU,"Personalized Name Perfume Tray",549,949,Blue,/Users/akshat.garg/Documents/GitHub new/Tathastu/meesho-image-kit/TK-P18-FS-BLU-img1.png,/Users/akshat.garg/Documents/GitHub new/Tathastu/meesho-image-kit/TK-P18-FS-BLU-img2.png,/Users/akshat.garg/Documents/GitHub new/Tathastu/meesho-image-kit/TK-P18-FS-BLU-img3.png,/Users/akshat.garg/Documents/GitHub new/Tathastu/meesho-image-kit/TK-P18-FS-BLU-img4.png
23,TK-P19-FS-MLT,"Personalized Couple Miniature",899,1499,Multicolor,/Users/akshat.garg/Documents/GitHub new/Tathastu/meesho-image-kit/TK-P19-FS-MLT-img1.png,/Users/akshat.garg/Documents/GitHub new/Tathastu/meesho-image-kit/TK-P19-FS-MLT-img2.png,/Users/akshat.garg/Documents/GitHub new/Tathastu/meesho-image-kit/TK-P19-FS-MLT-img3.png,/Users/akshat.garg/Documents/GitHub new/Tathastu/meesho-image-kit/TK-P19-FS-MLT-img4.png
24,TK-P20-FS-GRY,"Abstract Twisted Loop Sculpture",599,999,Grey,/Users/akshat.garg/Documents/GitHub new/Tathastu/meesho-image-kit/TK-P20-FS-GRY-img1.png,/Users/akshat.garg/Documents/GitHub new/Tathastu/meesho-image-kit/TK-P20-FS-GRY-img2.png,/Users/akshat.garg/Documents/GitHub new/Tathastu/meesho-image-kit/TK-P20-FS-GRY-img3.png,/Users/akshat.garg/Documents/GitHub new/Tathastu/meesho-image-kit/TK-P20-FS-GRY-img4.png
25,TK-P21-FS-SLV,"Personalized Child Car Miniature",899,1499,Silver,/Users/akshat.garg/Documents/GitHub new/Tathastu/meesho-image-kit/TK-P21-FS-SLV-img1.png,/Users/akshat.garg/Documents/GitHub new/Tathastu/meesho-image-kit/TK-P21-FS-SLV-img2.png,/Users/akshat.garg/Documents/GitHub new/Tathastu/meesho-image-kit/TK-P21-FS-SLV-img3.png,/Users/akshat.garg/Documents/GitHub new/Tathastu/meesho-image-kit/TK-P21-FS-SLV-img4.png
26,TK-P22-FS-BLU,"Personalized First Year Photo Board",999,1699,Blue,/Users/akshat.garg/Documents/GitHub new/Tathastu/meesho-image-kit/TK-P22-FS-BLU-img1.png,/Users/akshat.garg/Documents/GitHub new/Tathastu/meesho-image-kit/TK-P22-FS-BLU-img2.png,/Users/akshat.garg/Documents/GitHub new/Tathastu/meesho-image-kit/TK-P22-FS-BLU-img3.png,/Users/akshat.garg/Documents/GitHub new/Tathastu/meesho-image-kit/TK-P22-FS-BLU-img4.png
27,TK-P23-FS-BRN,"Personalized Sitar Name Plaque",849,1499,Brown,/Users/akshat.garg/Documents/GitHub new/Tathastu/meesho-image-kit/TK-P23-FS-BRN-img1.png,/Users/akshat.garg/Documents/GitHub new/Tathastu/meesho-image-kit/TK-P23-FS-BRN-img2.png,/Users/akshat.garg/Documents/GitHub new/Tathastu/meesho-image-kit/TK-P23-FS-BRN-img3.png,/Users/akshat.garg/Documents/GitHub new/Tathastu/meesho-image-kit/TK-P23-FS-BRN-img4.png
28,TK-P24-FS-ORG,"Aham Brahmasmi Wall Sign",449,799,Orange,/Users/akshat.garg/Documents/GitHub new/Tathastu/meesho-image-kit/TK-P24-FS-ORG-img1.png,/Users/akshat.garg/Documents/GitHub new/Tathastu/meesho-image-kit/TK-P24-FS-ORG-img2.png,/Users/akshat.garg/Documents/GitHub new/Tathastu/meesho-image-kit/TK-P24-FS-ORG-img3.png,/Users/akshat.garg/Documents/GitHub new/Tathastu/meesho-image-kit/TK-P24-FS-ORG-img4.png
29,TK-P25-FS-BGE,"Lady with Umbrella Showpiece",549,949,Beige,/Users/akshat.garg/Documents/GitHub new/Tathastu/meesho-image-kit/TK-P25-FS-BGE-img1.png,/Users/akshat.garg/Documents/GitHub new/Tathastu/meesho-image-kit/TK-P25-FS-BGE-img2.png,/Users/akshat.garg/Documents/GitHub new/Tathastu/meesho-image-kit/TK-P25-FS-BGE-img3.png,/Users/akshat.garg/Documents/GitHub new/Tathastu/meesho-image-kit/TK-P25-FS-BGE-img4.png
30,TK-P26-FS-BLU,"Personalized Office Name Pen Stand",699,1199,Blue,/Users/akshat.garg/Documents/GitHub new/Tathastu/meesho-image-kit/TK-P26-FS-BLU-img1.png,/Users/akshat.garg/Documents/GitHub new/Tathastu/meesho-image-kit/TK-P26-FS-BLU-img2.png,/Users/akshat.garg/Documents/GitHub new/Tathastu/meesho-image-kit/TK-P26-FS-BLU-img3.png,/Users/akshat.garg/Documents/GitHub new/Tathastu/meesho-image-kit/TK-P26-FS-BLU-img4.png
31,TK-P27-FS-MLT,"Personalized Bilingual Name Sign",449,799,Multicolor,/Users/akshat.garg/Documents/GitHub new/Tathastu/meesho-image-kit/TK-P27-FS-MLT-img1.png,/Users/akshat.garg/Documents/GitHub new/Tathastu/meesho-image-kit/TK-P27-FS-MLT-img2.png,/Users/akshat.garg/Documents/GitHub new/Tathastu/meesho-image-kit/TK-P27-FS-MLT-img3.png,/Users/akshat.garg/Documents/GitHub new/Tathastu/meesho-image-kit/TK-P27-FS-MLT-img4.png
